point1;distance;point2
(294, 128);174.045971;(428, 125)
(427, 222);126.003968;(428, 125)
(427, 222);152.003289;(310, 223)
(324, 523);89.050547;(322, 591)
(360, 592);50.009999;(322, 591)
